{
  "Version": 1,
  "ManifestType": "Publish",
  "Endpoints": [
    {
      "Route": "assets/index-C52ipuTg.css",
      "AssetFile": "assets/index-C52ipuTg.css",
      "Selectors": [],
      "ResponseHeaders": [
        {
          "Name": "Accept-Ranges",
          "Value": "bytes"
        },
        {
          "Name": "Cache-Control",
          "Value": "no-cache"
        },
        {
          "Name": "Content-Length",
          "Value": "3583"
        },
        {
          "Name": "Content-Type",
          "Value": "text/css"
        },
        {
          "Name": "ETag",
          "Value": "\"R3Y96nMeo6b/vLKLsojh0701FfblVx34KSUKWOTWfUc=\""
        },
        {
          "Name": "Last-Modified",
          "Value": "Tue, 15 Apr 2025 20:55:50 GMT"
        }
      ],
      "EndpointProperties": [
        {
          "Name": "integrity",
          "Value": "sha256-R3Y96nMeo6b/vLKLsojh0701FfblVx34KSUKWOTWfUc="
        }
      ]
    },
    {
      "Route": "assets/index-DFLeaRf3.js",
      "AssetFile": "assets/index-DFLeaRf3.js",
      "Selectors": [],
      "ResponseHeaders": [
        {
          "Name": "Accept-Ranges",
          "Value": "bytes"
        },
        {
          "Name": "Cache-Control",
          "Value": "no-cache"
        },
        {
          "Name": "Content-Length",
          "Value": "195359"
        },
        {
          "Name": "Content-Type",
          "Value": "text/javascript"
        },
        {
          "Name": "ETag",
          "Value": "\"maJUfqCzzOgWWGj7N2Hc+6W4spxdj6Sd7AFlJaHSCQI=\""
        },
        {
          "Name": "Last-Modified",
          "Value": "Tue, 15 Apr 2025 20:55:50 GMT"
        }
      ],
      "EndpointProperties": [
        {
          "Name": "integrity",
          "Value": "sha256-maJUfqCzzOgWWGj7N2Hc+6W4spxdj6Sd7AFlJaHSCQI="
        }
      ]
    },
    {
      "Route": "images/logo.png",
      "AssetFile": "images/logo.png",
      "Selectors": [],
      "ResponseHeaders": [
        {
          "Name": "Accept-Ranges",
          "Value": "bytes"
        },
        {
          "Name": "Cache-Control",
          "Value": "max-age=3600, must-revalidate"
        },
        {
          "Name": "Content-Length",
          "Value": "3418464"
        },
        {
          "Name": "Content-Type",
          "Value": "image/png"
        },
        {
          "Name": "ETag",
          "Value": "\"4kruBtcLk2zCce4LimAqyNpjEUMhPibwCFtAEcyZQEk=\""
        },
        {
          "Name": "Last-Modified",
          "Value": "Sun, 16 Feb 2025 22:33:00 GMT"
        }
      ],
      "EndpointProperties": [
        {
          "Name": "integrity",
          "Value": "sha256-4kruBtcLk2zCce4LimAqyNpjEUMhPibwCFtAEcyZQEk="
        }
      ]
    },
    {
      "Route": "images/tilePlacementExample.png",
      "AssetFile": "images/tilePlacementExample.png",
      "Selectors": [],
      "ResponseHeaders": [
        {
          "Name": "Accept-Ranges",
          "Value": "bytes"
        },
        {
          "Name": "Cache-Control",
          "Value": "max-age=3600, must-revalidate"
        },
        {
          "Name": "Content-Length",
          "Value": "15304"
        },
        {
          "Name": "Content-Type",
          "Value": "image/png"
        },
        {
          "Name": "ETag",
          "Value": "\"BYgfCcrS4aeNL0d4FR7usPsuYcutGDEUL4XY4lXUvtk=\""
        },
        {
          "Name": "Last-Modified",
          "Value": "Sun, 23 Mar 2025 13:43:17 GMT"
        }
      ],
      "EndpointProperties": [
        {
          "Name": "integrity",
          "Value": "sha256-BYgfCcrS4aeNL0d4FR7usPsuYcutGDEUL4XY4lXUvtk="
        }
      ]
    },
    {
      "Route": "index.html",
      "AssetFile": "index.html",
      "Selectors": [],
      "ResponseHeaders": [
        {
          "Name": "Accept-Ranges",
          "Value": "bytes"
        },
        {
          "Name": "Cache-Control",
          "Value": "no-cache"
        },
        {
          "Name": "Content-Length",
          "Value": "615"
        },
        {
          "Name": "Content-Type",
          "Value": "text/html"
        },
        {
          "Name": "ETag",
          "Value": "\"EDUfYIsTEw0rqUX6sXijPOz5t3ryX7AwZfE4uqgT6oE=\""
        },
        {
          "Name": "Last-Modified",
          "Value": "Tue, 15 Apr 2025 20:55:50 GMT"
        }
      ],
      "EndpointProperties": [
        {
          "Name": "integrity",
          "Value": "sha256-EDUfYIsTEw0rqUX6sXijPOz5t3ryX7AwZfE4uqgT6oE="
        }
      ]
    },
    {
      "Route": "vite.svg",
      "AssetFile": "vite.svg",
      "Selectors": [],
      "ResponseHeaders": [
        {
          "Name": "Accept-Ranges",
          "Value": "bytes"
        },
        {
          "Name": "Cache-Control",
          "Value": "max-age=3600, must-revalidate"
        },
        {
          "Name": "Content-Length",
          "Value": "1497"
        },
        {
          "Name": "Content-Type",
          "Value": "image/svg+xml"
        },
        {
          "Name": "ETag",
          "Value": "\"SnSK/UQ5GLsWWRyDTEAdrjPoeGGrXbrQgRw6O0qSFPs=\""
        },
        {
          "Name": "Last-Modified",
          "Value": "Tue, 04 Mar 2025 20:09:19 GMT"
        }
      ],
      "EndpointProperties": [
        {
          "Name": "integrity",
          "Value": "sha256-SnSK/UQ5GLsWWRyDTEAdrjPoeGGrXbrQgRw6O0qSFPs="
        }
      ]
    }
  ]
}