{
  "Version": 1,
  "ManifestType": "Publish",
  "Endpoints": [
    {
      "Route": "assets/index-B4UJKVsz.js",
      "AssetFile": "assets/index-B4UJKVsz.js",
      "Selectors": [],
      "ResponseHeaders": [
        {
          "Name": "Accept-Ranges",
          "Value": "bytes"
        },
        {
          "Name": "Cache-Control",
          "Value": "no-cache"
        },
        {
          "Name": "Content-Length",
          "Value": "189977"
        },
        {
          "Name": "Content-Type",
          "Value": "text/javascript"
        },
        {
          "Name": "ETag",
          "Value": "\"qzDEnStCfAHXSBo6DwRn1E3S5/oA3q5mHsLriI3sLsc=\""
        },
        {
          "Name": "Last-Modified",
          "Value": "Sun, 30 Mar 2025 20:26:22 GMT"
        }
      ],
      "EndpointProperties": [
        {
          "Name": "integrity",
          "Value": "sha256-qzDEnStCfAHXSBo6DwRn1E3S5/oA3q5mHsLriI3sLsc="
        }
      ]
    },
    {
      "Route": "assets/index-D_8yxygE.css",
      "AssetFile": "assets/index-D_8yxygE.css",
      "Selectors": [],
      "ResponseHeaders": [
        {
          "Name": "Accept-Ranges",
          "Value": "bytes"
        },
        {
          "Name": "Cache-Control",
          "Value": "no-cache"
        },
        {
          "Name": "Content-Length",
          "Value": "1473"
        },
        {
          "Name": "Content-Type",
          "Value": "text/css"
        },
        {
          "Name": "ETag",
          "Value": "\"yN9EGEBYjm9by3cZMjehYLwZX0CglK7CuXjLFXogaGI=\""
        },
        {
          "Name": "Last-Modified",
          "Value": "Sun, 30 Mar 2025 20:26:22 GMT"
        }
      ],
      "EndpointProperties": [
        {
          "Name": "integrity",
          "Value": "sha256-yN9EGEBYjm9by3cZMjehYLwZX0CglK7CuXjLFXogaGI="
        }
      ]
    },
    {
      "Route": "images/logo.png",
      "AssetFile": "images/logo.png",
      "Selectors": [],
      "ResponseHeaders": [
        {
          "Name": "Accept-Ranges",
          "Value": "bytes"
        },
        {
          "Name": "Cache-Control",
          "Value": "max-age=3600, must-revalidate"
        },
        {
          "Name": "Content-Length",
          "Value": "3418464"
        },
        {
          "Name": "Content-Type",
          "Value": "image/png"
        },
        {
          "Name": "ETag",
          "Value": "\"4kruBtcLk2zCce4LimAqyNpjEUMhPibwCFtAEcyZQEk=\""
        },
        {
          "Name": "Last-Modified",
          "Value": "Mon, 24 Mar 2025 11:46:02 GMT"
        }
      ],
      "EndpointProperties": [
        {
          "Name": "integrity",
          "Value": "sha256-4kruBtcLk2zCce4LimAqyNpjEUMhPibwCFtAEcyZQEk="
        }
      ]
    },
    {
      "Route": "images/tilePlacementExample.png",
      "AssetFile": "images/tilePlacementExample.png",
      "Selectors": [],
      "ResponseHeaders": [
        {
          "Name": "Accept-Ranges",
          "Value": "bytes"
        },
        {
          "Name": "Cache-Control",
          "Value": "max-age=3600, must-revalidate"
        },
        {
          "Name": "Content-Length",
          "Value": "15304"
        },
        {
          "Name": "Content-Type",
          "Value": "image/png"
        },
        {
          "Name": "ETag",
          "Value": "\"BYgfCcrS4aeNL0d4FR7usPsuYcutGDEUL4XY4lXUvtk=\""
        },
        {
          "Name": "Last-Modified",
          "Value": "Mon, 24 Mar 2025 11:46:02 GMT"
        }
      ],
      "EndpointProperties": [
        {
          "Name": "integrity",
          "Value": "sha256-BYgfCcrS4aeNL0d4FR7usPsuYcutGDEUL4XY4lXUvtk="
        }
      ]
    },
    {
      "Route": "index.html",
      "AssetFile": "index.html",
      "Selectors": [],
      "ResponseHeaders": [
        {
          "Name": "Accept-Ranges",
          "Value": "bytes"
        },
        {
          "Name": "Cache-Control",
          "Value": "no-cache"
        },
        {
          "Name": "Content-Length",
          "Value": "860"
        },
        {
          "Name": "Content-Type",
          "Value": "text/html"
        },
        {
          "Name": "ETag",
          "Value": "\"eizqeLCH1nuLymJqL5m8RDX6yIuS0LDIlAWBtr3h9dE=\""
        },
        {
          "Name": "Last-Modified",
          "Value": "Sun, 30 Mar 2025 20:26:22 GMT"
        }
      ],
      "EndpointProperties": [
        {
          "Name": "integrity",
          "Value": "sha256-eizqeLCH1nuLymJqL5m8RDX6yIuS0LDIlAWBtr3h9dE="
        }
      ]
    },
    {
      "Route": "vite.svg",
      "AssetFile": "vite.svg",
      "Selectors": [],
      "ResponseHeaders": [
        {
          "Name": "Accept-Ranges",
          "Value": "bytes"
        },
        {
          "Name": "Cache-Control",
          "Value": "max-age=3600, must-revalidate"
        },
        {
          "Name": "Content-Length",
          "Value": "1497"
        },
        {
          "Name": "Content-Type",
          "Value": "image/svg+xml"
        },
        {
          "Name": "ETag",
          "Value": "\"SnSK/UQ5GLsWWRyDTEAdrjPoeGGrXbrQgRw6O0qSFPs=\""
        },
        {
          "Name": "Last-Modified",
          "Value": "Sun, 26 Jan 2025 11:47:26 GMT"
        }
      ],
      "EndpointProperties": [
        {
          "Name": "integrity",
          "Value": "sha256-SnSK/UQ5GLsWWRyDTEAdrjPoeGGrXbrQgRw6O0qSFPs="
        }
      ]
    }
  ]
}